{"cameraMode":{"drawMode":0,"name":"Shaded","section":"Shading Mode"},"sceneLighting":true,"audioPlay":false,"sceneViewState":{"showFog":true,"showMaterialUpdate":false,"showSkybox":true,"showFlares":true,"showImageEffects":true,"showParticleSystems":true},"in2DMode":false,"pivot":{"x":-0.6526355743408203,"y":3.467780590057373,"z":-1.224477767944336},"rotation":{"x":-0.05086575821042061,"y":0.919177234172821,"z":-0.12654277682304383,"w":-0.36947688460350039},"size":10.0,"orthographic":false}